model,lang,problem,ok,turns,calls,orient,probe,write,test,lookup,other,test_fail,probe_err,first_test,calls_before_first_test,writes_before_first_test
fable,apl,anagrams,True,7,6,1,0,2,3,0,0,2,0,fail,0,0
fable,apl,brackets,True,12,11,0,4,3,4,0,0,3,1,fail,0,0
fable,apl,calc,True,16,15,2,2,5,6,0,0,4,0,fail,0,0
fable,apl,dijkstra,True,6,5,0,1,1,2,0,1,1,0,fail,0,0
fable,apl,lcs,True,13,12,0,5,3,3,0,1,1,4,fail,0,0
fable,apl,primes,True,19,18,2,9,3,4,0,0,3,1,fail,3,2
fable,apl,rle,True,4,3,0,0,1,2,0,0,1,0,fail,0,0
fable,apl,roman,True,9,8,0,1,4,3,0,0,2,0,fail,3,2
fable,apl,transpose,True,13,12,0,6,3,2,0,1,1,1,fail,3,2
fable,apl,wordfreq,True,12,11,0,3,4,4,0,0,3,0,fail,0,0
fable,bqn,anagrams,True,6,5,0,0,2,3,0,0,2,0,fail,0,0
fable,bqn,brackets,True,8,7,0,0,3,4,0,0,3,0,fail,0,0
fable,bqn,calc,True,8,7,0,0,4,3,0,0,2,0,fail,0,0
fable,bqn,dijkstra,True,7,6,0,2,1,3,0,0,2,0,fail,0,0
fable,bqn,lcs,True,7,6,0,3,1,2,0,0,1,1,fail,0,0
fable,bqn,primes,True,4,3,0,0,1,2,0,0,1,0,fail,0,0
fable,bqn,rle,True,9,8,0,3,3,2,0,0,0,1,pass,3,2
fable,bqn,roman,True,9,8,0,1,4,3,0,0,2,0,fail,3,2
fable,bqn,transpose,True,8,7,0,1,3,3,0,0,2,0,fail,2,1
fable,bqn,wordfreq,True,8,7,0,0,3,4,0,0,3,0,fail,0,0
fable,c,anagrams,True,5,4,0,2,1,1,0,0,0,0,pass,3,1
fable,c,brackets,True,3,2,0,0,1,1,0,0,0,0,pass,1,1
fable,c,calc,True,4,3,1,0,1,1,0,0,0,0,pass,2,1
fable,c,dijkstra,True,3,2,0,0,1,1,0,0,0,0,pass,1,1
fable,c,lcs,True,3,2,0,0,1,1,0,0,0,0,pass,1,1
fable,c,primes,True,3,2,0,0,1,1,0,0,0,0,pass,1,1
fable,c,rle,True,3,2,0,0,1,1,0,0,0,0,pass,1,1
fable,c,roman,True,3,2,0,0,1,1,0,0,0,0,pass,1,1
fable,c,transpose,True,3,2,0,0,1,1,0,0,0,0,pass,1,1
fable,c,wordfreq,True,3,2,0,0,1,1,0,0,0,0,pass,1,1
fable,forth,anagrams,True,13,12,0,4,4,4,0,0,3,0,fail,0,0
fable,forth,brackets,True,3,2,0,0,1,1,0,0,0,0,pass,1,1
fable,forth,calc,True,5,4,0,1,1,2,0,0,0,0,pass,1,1
fable,forth,dijkstra,True,5,4,1,0,1,2,0,0,1,0,fail,0,0
fable,forth,lcs,True,3,2,0,0,1,1,0,0,0,0,pass,1,1
fable,forth,primes,True,14,13,0,4,6,3,0,0,2,1,fail,3,3
fable,forth,rle,True,3,2,0,0,1,1,0,0,0,0,pass,1,1
fable,forth,roman,True,3,2,0,0,1,1,0,0,0,0,pass,1,1
fable,forth,transpose,True,11,10,0,3,4,3,0,0,2,2,fail,3,2
fable,forth,wordfreq,True,11,10,0,2,3,5,0,0,3,0,fail,0,0
fable,gleam,anagrams,True,5,4,1,1,1,1,0,0,0,0,pass,3,1
fable,gleam,brackets,True,4,3,0,0,1,2,0,0,1,0,fail,0,0
fable,gleam,calc,True,5,4,0,1,1,2,0,0,1,0,fail,0,0
fable,gleam,dijkstra,True,4,3,0,0,1,2,0,0,1,0,fail,0,0
fable,gleam,lcs,True,6,5,1,1,1,2,0,0,1,0,fail,0,0
fable,gleam,primes,True,8,7,0,2,3,2,0,0,1,0,fail,2,1
fable,gleam,rle,True,6,5,0,1,3,1,0,0,0,0,pass,4,3
fable,gleam,roman,True,5,4,0,1,2,1,0,0,0,0,pass,3,2
fable,gleam,transpose,True,6,5,0,1,2,2,0,0,1,0,fail,2,1
fable,gleam,wordfreq,True,5,4,0,1,2,1,0,0,0,0,pass,3,2
fable,go,anagrams,True,3,2,0,0,1,1,0,0,0,0,pass,1,1
fable,go,brackets,True,3,2,0,0,1,1,0,0,0,0,pass,1,1
fable,go,calc,True,3,2,0,0,1,1,0,0,0,0,pass,1,1
fable,go,dijkstra,True,3,2,0,0,1,1,0,0,0,0,pass,1,1
fable,go,lcs,True,3,2,0,0,1,1,0,0,0,0,pass,1,1
fable,go,primes,True,3,2,0,0,1,1,0,0,0,0,pass,1,1
fable,go,rle,True,3,2,0,0,1,1,0,0,0,0,pass,1,1
fable,go,roman,True,3,2,0,0,1,1,0,0,0,0,pass,1,1
fable,go,transpose,True,3,2,0,0,1,1,0,0,0,0,pass,1,1
fable,go,wordfreq,True,3,2,0,0,1,1,0,0,0,0,pass,1,1
fable,haskell,anagrams,True,3,2,0,0,1,1,0,0,0,0,pass,1,1
fable,haskell,brackets,True,3,2,0,0,1,1,0,0,0,0,pass,1,1
fable,haskell,calc,True,3,2,0,0,1,1,0,0,0,0,pass,1,1
fable,haskell,dijkstra,True,4,3,0,0,1,1,0,1,0,0,pass,2,1
fable,haskell,lcs,True,3,2,0,0,1,1,0,0,0,0,pass,1,1
fable,haskell,primes,True,3,2,0,0,1,1,0,0,0,0,pass,1,1
fable,haskell,rle,True,3,2,0,0,1,1,0,0,0,0,pass,1,1
fable,haskell,roman,True,3,2,0,0,1,1,0,0,0,0,pass,1,1
fable,haskell,transpose,True,8,7,4,0,1,1,1,0,1,0,fail,1,1
fable,haskell,wordfreq,True,3,2,0,0,1,1,0,0,0,0,pass,1,1
fable,java,anagrams,True,3,2,0,0,1,1,0,0,0,0,pass,1,1
fable,java,brackets,True,3,2,0,0,1,1,0,0,0,0,pass,1,1
fable,java,calc,True,3,2,0,0,1,1,0,0,0,0,pass,1,1
fable,java,dijkstra,True,3,2,0,0,1,1,0,0,0,0,pass,1,1
fable,java,lcs,True,8,7,3,1,1,1,0,1,1,0,fail,1,1
fable,java,primes,True,3,2,0,0,1,1,0,0,0,0,pass,1,1
fable,java,rle,True,3,2,0,0,1,1,0,0,0,0,pass,1,1
fable,java,roman,True,3,2,0,0,1,1,0,0,0,0,pass,1,1
fable,java,transpose,True,3,2,0,0,1,1,0,0,0,0,pass,1,1
fable,java,wordfreq,True,3,2,0,0,1,1,0,0,0,0,pass,1,1
fable,javascript,anagrams,True,3,2,0,0,1,1,0,0,0,0,pass,1,1
fable,javascript,brackets,True,3,2,0,0,1,1,0,0,0,0,pass,1,1
fable,javascript,calc,True,3,2,0,0,1,1,0,0,0,0,pass,1,1
fable,javascript,dijkstra,True,3,2,0,0,1,1,0,0,0,0,pass,1,1
fable,javascript,lcs,True,3,2,0,0,1,1,0,0,0,0,pass,1,1
fable,javascript,primes,True,3,2,0,0,1,1,0,0,0,0,pass,1,1
fable,javascript,rle,True,3,2,0,0,1,1,0,0,0,0,pass,1,1
fable,javascript,roman,True,3,2,0,0,1,1,0,0,0,0,pass,1,1
fable,javascript,transpose,True,3,2,0,0,1,1,0,0,0,0,pass,1,1
fable,javascript,wordfreq,True,3,2,0,0,1,1,0,0,0,0,pass,1,1
fable,k,anagrams,True,6,5,0,2,0,2,1,0,1,0,fail,0,0
fable,k,brackets,True,12,11,0,5,2,3,1,0,2,3,fail,0,0
fable,k,calc,True,23,22,1,10,5,5,1,0,2,6,fail,0,0
fable,k,dijkstra,True,13,12,0,8,1,2,1,0,1,5,fail,0,0
fable,k,lcs,True,10,9,0,5,1,2,0,1,1,1,fail,0,0
fable,k,primes,True,6,5,0,1,0,3,1,0,2,0,fail,0,0
fable,k,rle,True,10,9,0,4,2,2,1,0,1,0,fail,0,0
fable,k,roman,True,10,9,0,6,0,3,0,0,2,4,fail,0,0
fable,k,transpose,True,6,5,0,1,0,3,1,0,2,0,fail,0,0
fable,k,wordfreq,True,24,23,0,12,4,5,2,0,2,3,fail,0,0
fable,lisp,anagrams,True,3,2,0,0,1,1,0,0,0,0,pass,1,1
fable,lisp,brackets,True,3,2,0,0,1,1,0,0,0,0,pass,1,1
fable,lisp,calc,True,3,2,0,0,1,1,0,0,0,0,pass,1,1
fable,lisp,dijkstra,True,3,2,0,0,1,1,0,0,0,0,pass,1,1
fable,lisp,lcs,True,3,2,0,0,1,1,0,0,0,0,pass,1,1
fable,lisp,primes,True,3,2,0,0,1,1,0,0,0,0,pass,1,1
fable,lisp,rle,True,3,2,0,0,1,1,0,0,0,0,pass,1,1
fable,lisp,roman,True,7,6,3,0,1,1,0,1,1,0,fail,1,1
fable,lisp,transpose,True,3,2,0,0,1,1,0,0,0,0,pass,1,1
fable,lisp,wordfreq,True,3,2,0,0,1,1,0,0,0,0,pass,1,1
fable,perl,anagrams,True,3,2,0,0,1,1,0,0,0,0,pass,1,1
fable,perl,brackets,True,3,2,0,0,1,1,0,0,0,0,pass,1,1
fable,perl,calc,True,3,2,0,0,1,1,0,0,0,0,pass,1,1
fable,perl,dijkstra,True,3,2,0,0,1,1,0,0,0,0,pass,1,1
fable,perl,lcs,True,3,2,0,0,1,1,0,0,0,0,pass,1,1
fable,perl,primes,True,3,2,0,0,1,1,0,0,0,0,pass,1,1
fable,perl,rle,True,3,2,0,0,1,1,0,0,0,0,pass,1,1
fable,perl,roman,True,3,2,0,0,1,1,0,0,0,0,pass,1,1
fable,perl,transpose,True,3,2,0,0,1,1,0,0,0,0,pass,1,1
fable,perl,wordfreq,True,10,9,2,0,1,1,1,4,1,0,fail,1,1
fable,prolog,anagrams,True,4,3,0,0,2,1,0,0,0,0,pass,2,2
fable,prolog,brackets,True,3,2,0,0,1,1,0,0,0,0,pass,1,1
fable,prolog,calc,True,4,3,0,1,1,1,0,0,0,0,pass,2,1
fable,prolog,dijkstra,True,3,2,0,0,1,1,0,0,0,0,pass,1,1
fable,prolog,lcs,True,5,4,0,1,2,1,0,0,0,0,pass,2,2
fable,prolog,primes,True,5,4,0,1,2,1,0,0,0,0,pass,2,2
fable,prolog,rle,True,4,3,0,0,2,1,0,0,0,0,pass,2,2
fable,prolog,roman,True,11,10,5,1,2,2,0,0,1,0,fail,2,2
fable,prolog,transpose,True,4,3,0,0,2,1,0,0,0,0,pass,2,2
fable,prolog,wordfreq,True,3,2,0,0,1,1,0,0,0,0,pass,1,1
fable,python,anagrams,True,3,2,0,0,1,1,0,0,0,0,pass,1,1
fable,python,brackets,True,3,2,0,0,1,1,0,0,0,0,pass,1,1
fable,python,calc,True,3,2,0,0,1,1,0,0,0,0,pass,1,1
fable,python,dijkstra,True,3,2,0,0,1,1,0,0,0,0,pass,1,1
fable,python,lcs,True,16,15,2,3,2,3,0,5,1,1,pass,1,1
fable,python,primes,True,3,2,0,0,1,1,0,0,0,0,pass,1,1
fable,python,rle,True,3,2,0,0,1,1,0,0,0,0,pass,1,1
fable,python,roman,True,3,2,0,0,1,1,0,0,0,0,pass,1,1
fable,python,transpose,True,3,2,0,0,1,1,0,0,0,0,pass,1,1
fable,python,wordfreq,True,3,2,0,0,1,1,0,0,0,0,pass,1,1
fable,ruby,anagrams,True,3,2,0,0,1,1,0,0,0,0,pass,1,1
fable,ruby,brackets,True,3,2,0,0,1,1,0,0,0,0,pass,1,1
fable,ruby,calc,True,3,2,0,0,1,1,0,0,0,0,pass,1,1
fable,ruby,dijkstra,True,3,2,0,0,1,1,0,0,0,0,pass,1,1
fable,ruby,lcs,True,3,2,0,0,1,1,0,0,0,0,pass,1,1
fable,ruby,primes,True,3,2,0,0,1,1,0,0,0,0,pass,1,1
fable,ruby,rle,True,3,2,0,0,1,1,0,0,0,0,pass,1,1
fable,ruby,roman,True,3,2,0,0,1,1,0,0,0,0,pass,1,1
fable,ruby,transpose,True,3,2,0,0,1,1,0,0,0,0,pass,1,1
fable,ruby,wordfreq,True,3,2,0,0,1,1,0,0,0,0,pass,1,1
fable,rust,anagrams,True,3,2,0,0,1,1,0,0,0,0,pass,1,1
fable,rust,brackets,True,3,2,0,0,1,1,0,0,0,0,pass,1,1
fable,rust,calc,True,3,2,0,0,1,1,0,0,0,0,pass,1,1
fable,rust,dijkstra,True,3,2,0,0,1,1,0,0,0,0,pass,1,1
fable,rust,lcs,True,3,2,0,0,1,1,0,0,0,0,pass,1,1
fable,rust,primes,True,3,2,0,0,1,1,0,0,0,0,pass,1,1
fable,rust,rle,True,3,2,0,0,1,1,0,0,0,0,pass,1,1
fable,rust,roman,True,3,2,0,0,1,1,0,0,0,0,pass,1,1
fable,rust,transpose,True,3,2,0,0,1,1,0,0,0,0,pass,1,1
fable,rust,wordfreq,True,3,2,0,0,1,1,0,0,0,0,pass,1,1
fable,scheme,anagrams,True,3,2,0,0,1,1,0,0,0,0,pass,1,1
fable,scheme,brackets,True,5,4,0,0,2,2,0,0,1,0,fail,1,1
fable,scheme,calc,True,5,4,0,0,2,2,0,0,1,0,fail,1,1
fable,scheme,dijkstra,True,3,2,0,0,1,1,0,0,0,0,pass,1,1
fable,scheme,lcs,True,7,6,0,2,2,2,0,0,1,1,fail,1,1
fable,scheme,primes,True,4,3,0,1,1,1,0,0,0,1,pass,1,1
fable,scheme,rle,True,26,25,9,7,2,1,1,5,0,5,pass,1,1
fable,scheme,roman,True,5,4,0,0,2,2,0,0,1,0,fail,1,1
fable,scheme,transpose,True,3,2,0,0,1,1,0,0,0,0,pass,1,1
fable,scheme,wordfreq,True,3,2,0,0,1,1,0,0,0,0,pass,1,1
fable,typescript,anagrams,True,3,2,0,0,1,1,0,0,0,0,pass,1,1
fable,typescript,brackets,True,3,2,0,0,1,1,0,0,0,0,pass,1,1
fable,typescript,calc,True,3,2,0,0,1,1,0,0,0,0,pass,1,1
fable,typescript,dijkstra,True,3,2,0,0,1,1,0,0,0,0,pass,1,1
fable,typescript,lcs,True,3,2,0,0,1,1,0,0,0,0,pass,1,1
fable,typescript,primes,True,3,2,0,0,1,1,0,0,0,0,pass,1,1
fable,typescript,rle,True,3,2,0,0,1,1,0,0,0,0,pass,1,1
fable,typescript,roman,True,3,2,0,0,1,1,0,0,0,0,pass,1,1
fable,typescript,transpose,True,3,2,0,0,1,1,0,0,0,0,pass,1,1
fable,typescript,wordfreq,True,3,2,0,0,1,1,0,0,0,0,pass,1,1
fable,uiua,anagrams,True,9,8,0,0,3,4,1,0,2,0,fail,0,0
fable,uiua,brackets,True,12,11,0,3,3,4,1,0,3,2,fail,0,0
fable,uiua,calc,True,12,11,0,2,4,4,1,0,3,0,fail,0,0
fable,uiua,dijkstra,True,13,12,0,4,3,4,1,0,3,2,fail,0,0
fable,uiua,lcs,True,7,6,0,2,1,2,1,0,1,1,fail,0,0
fable,uiua,primes,True,11,10,0,3,4,3,0,0,2,1,fail,0,0
fable,uiua,rle,True,8,7,0,0,3,4,0,0,2,0,fail,0,0
fable,uiua,roman,True,5,4,0,0,1,3,0,0,2,0,fail,0,0
fable,uiua,transpose,True,5,4,0,0,2,2,0,0,1,0,fail,1,1
fable,uiua,wordfreq,True,7,6,0,0,2,3,1,0,2,0,fail,0,0
fable,zig,anagrams,True,6,5,0,1,1,2,1,0,1,1,fail,1,0
fable,zig,brackets,True,5,4,0,1,1,2,0,0,1,0,fail,1,0
fable,zig,calc,True,7,6,1,3,1,1,0,0,0,1,pass,4,1
fable,zig,dijkstra,True,7,6,0,1,2,3,0,0,2,1,fail,1,0
fable,zig,lcs,True,7,6,0,3,1,2,0,0,1,2,fail,1,0
fable,zig,primes,True,8,7,0,1,3,3,0,0,2,1,fail,1,1
fable,zig,rle,True,7,6,0,1,2,3,0,0,2,0,fail,1,1
fable,zig,roman,True,15,14,1,3,4,4,0,2,3,2,fail,1,1
fable,zig,transpose,True,4,3,0,0,1,2,0,0,1,0,fail,0,0
fable,zig,wordfreq,True,5,4,0,2,1,1,0,0,0,1,pass,3,1
haiku,gleam,anagrams,True,17,16,1,8,4,3,0,0,2,1,fail,1,1
haiku,gleam,brackets,True,22,21,11,2,4,3,0,1,2,0,fail,8,1
haiku,gleam,calc,True,34,33,8,5,12,8,0,0,5,2,fail,10,1
haiku,gleam,lcs,False,35,34,10,2,10,8,0,4,7,0,fail,8,1
haiku,gleam,primes,True,29,28,8,3,8,8,0,1,6,0,fail,9,1
haiku,gleam,rle,True,16,15,4,1,5,5,0,0,4,0,fail,5,1
haiku,gleam,roman,False,41,46,12,13,14,5,0,2,5,3,fail,11,1
haiku,gleam,transpose,True,37,36,7,8,14,7,0,0,6,3,fail,1,1
haiku,gleam,wordfreq,False,41,45,11,13,8,12,0,1,12,2,fail,8,1
opus,gleam,anagrams,True,5,4,0,0,1,2,1,0,1,0,fail,0,0
opus,gleam,brackets,True,5,4,0,1,1,2,0,0,1,1,fail,1,0
opus,gleam,calc,True,4,3,0,1,1,1,0,0,0,1,pass,2,1
opus,gleam,dijkstra,True,14,13,0,3,6,3,0,1,2,1,fail,2,1
opus,gleam,lcs,True,4,3,0,1,1,1,0,0,0,0,pass,2,1
opus,gleam,primes,True,4,3,0,1,1,1,0,0,0,1,pass,2,1
opus,gleam,rle,True,5,4,0,0,1,2,0,1,2,0,fail,0,0
opus,gleam,roman,True,9,8,0,2,2,2,0,2,1,0,fail,2,1
opus,gleam,transpose,True,4,3,0,0,1,2,0,0,1,0,fail,0,0
opus,gleam,wordfreq,True,6,5,0,1,1,3,0,0,2,1,fail,1,0
sonnet,gleam,anagrams,True,10,9,1,0,2,2,4,0,1,0,fail,0,0
sonnet,gleam,brackets,True,15,14,0,3,2,3,6,0,2,0,fail,1,0
sonnet,gleam,calc,True,25,24,2,3,2,3,14,0,2,0,fail,1,0
sonnet,gleam,dijkstra,True,22,21,0,5,2,2,12,0,1,1,fail,1,0
sonnet,gleam,lcs,True,23,22,1,11,3,4,2,1,1,4,fail,0,0
sonnet,gleam,primes,True,7,6,1,2,1,2,0,0,1,1,fail,1,0
sonnet,gleam,rle,True,18,17,1,10,2,3,1,0,2,1,fail,2,0
sonnet,gleam,roman,True,16,15,0,6,2,3,3,1,2,3,fail,0,0
sonnet,gleam,transpose,True,19,18,3,7,4,4,0,0,3,0,fail,1,0
sonnet,gleam,wordfreq,True,15,14,1,1,1,2,8,1,1,0,fail,1,0
haiku,apl,anagrams,False,41,40,5,2,17,14,0,2,14,1,fail,1,1
haiku,apl,brackets,False,41,40,12,0,14,8,0,6,8,0,fail,17,1
haiku,apl,calc,False,41,40,7,15,16,1,0,1,1,12,fail,8,1
haiku,apl,dijkstra,False,41,45,8,21,9,6,0,1,6,7,fail,8,1
haiku,apl,lcs,True,3,2,0,0,1,1,0,0,0,0,pass,1,1
haiku,apl,primes,False,41,45,9,13,16,6,0,1,6,9,fail,9,1
haiku,apl,rle,True,38,37,3,17,9,7,0,1,6,4,fail,1,1
haiku,apl,roman,False,41,40,4,17,17,2,0,0,2,6,fail,1,1
haiku,apl,transpose,False,41,40,3,4,20,13,0,0,13,4,fail,1,1
haiku,apl,wordfreq,False,41,45,10,15,17,1,0,2,1,10,fail,9,1
haiku,bqn,anagrams,False,41,40,9,17,8,2,2,2,2,11,fail,10,1
haiku,bqn,brackets,False,41,40,9,6,14,11,0,0,11,6,fail,10,1
haiku,bqn,calc,False,41,40,8,1,22,9,0,0,9,1,fail,6,1
haiku,bqn,dijkstra,False,41,40,10,17,7,6,0,0,6,14,fail,9,1
haiku,bqn,lcs,False,41,40,8,11,19,1,0,1,1,9,fail,8,1
haiku,bqn,primes,False,41,40,10,23,1,3,0,3,3,12,fail,8,1
haiku,bqn,rle,False,41,40,0,1,20,19,0,0,19,1,fail,1,1
haiku,bqn,roman,False,41,40,8,1,16,13,0,2,13,1,fail,9,1
haiku,bqn,transpose,False,41,40,9,11,14,2,0,4,2,8,fail,12,1
haiku,bqn,wordfreq,False,41,40,8,11,17,3,0,1,3,8,fail,1,1
haiku,c,anagrams,True,3,2,0,0,1,1,0,0,0,0,pass,1,1
haiku,c,brackets,True,3,2,0,0,1,1,0,0,0,0,pass,1,1
haiku,c,calc,True,11,10,7,1,1,1,0,0,0,0,pass,8,1
haiku,c,dijkstra,True,10,9,6,0,1,1,0,1,0,0,pass,8,1
haiku,c,lcs,True,11,10,7,1,1,1,0,0,0,0,pass,8,1
haiku,c,primes,True,12,11,7,2,1,1,0,0,0,0,pass,8,1
haiku,c,rle,True,5,4,0,0,1,1,0,2,0,0,pass,3,1
haiku,c,roman,True,3,2,0,0,1,1,0,0,0,0,pass,1,1
haiku,c,transpose,True,6,5,3,0,1,1,0,0,0,0,pass,1,1
haiku,c,wordfreq,True,13,12,6,0,1,2,0,3,1,0,fail,8,1
haiku,forth,anagrams,False,41,45,13,15,12,4,0,1,4,7,fail,8,1
haiku,forth,brackets,False,41,40,7,20,6,6,0,1,6,5,fail,1,1
haiku,forth,calc,False,41,46,11,17,15,2,0,1,2,7,fail,9,1
haiku,forth,dijkstra,False,41,40,8,1,18,12,0,1,12,1,fail,8,1
haiku,forth,lcs,False,41,40,3,8,20,8,0,1,8,3,fail,3,1
haiku,forth,roman,False,41,40,14,12,10,3,0,1,3,3,fail,9,1
haiku,forth,transpose,False,25,24,10,2,6,6,0,0,5,1,fail,9,1
haiku,forth,wordfreq,False,41,40,10,10,17,3,0,0,3,8,fail,11,1
haiku,go,anagrams,True,11,10,6,1,1,1,0,1,0,0,pass,8,1
haiku,go,brackets,True,3,2,0,0,1,1,0,0,0,0,pass,1,1
haiku,go,calc,True,10,9,7,0,1,1,0,0,0,0,pass,8,1
haiku,go,dijkstra,True,13,12,6,1,1,2,0,2,1,0,fail,8,1
haiku,go,lcs,True,10,9,6,0,1,1,0,1,0,0,pass,8,1
haiku,go,primes,True,11,10,6,1,1,1,0,1,0,0,pass,8,1
haiku,go,rle,True,3,2,0,0,1,1,0,0,0,0,pass,1,1
haiku,go,roman,True,3,2,0,0,1,1,0,0,0,0,pass,1,1
haiku,go,transpose,True,4,3,0,1,1,1,0,0,0,0,pass,1,1
haiku,go,wordfreq,True,11,10,6,1,1,1,0,1,0,0,pass,8,1
haiku,haskell,anagrams,True,5,4,2,0,1,1,0,0,0,0,pass,1,1
haiku,haskell,brackets,True,6,5,3,0,1,1,0,0,0,0,pass,1,1
haiku,haskell,calc,True,11,10,4,3,1,1,0,1,0,0,pass,1,1
haiku,haskell,dijkstra,True,12,11,8,1,1,1,0,0,0,0,pass,1,1
haiku,haskell,lcs,True,3,2,0,0,1,1,0,0,0,0,pass,1,1
haiku,haskell,primes,True,10,9,6,0,1,1,0,1,0,0,pass,8,1
haiku,haskell,rle,True,3,2,0,0,1,1,0,0,0,0,pass,1,1
haiku,haskell,roman,True,15,14,9,0,2,2,0,1,1,0,fail,10,1
haiku,haskell,transpose,True,4,3,1,0,1,1,0,0,0,0,pass,1,1
haiku,haskell,wordfreq,True,15,14,6,1,1,3,0,3,2,0,fail,8,1
haiku,java,anagrams,True,10,9,6,0,1,1,0,1,0,0,pass,8,1
haiku,java,brackets,True,3,2,0,0,1,1,0,0,0,0,pass,1,1
haiku,java,calc,True,13,12,6,3,1,1,0,1,0,0,pass,8,1
haiku,java,dijkstra,True,11,10,7,0,1,1,0,1,0,0,pass,9,1
haiku,java,lcs,True,10,9,6,0,1,1,0,1,0,0,pass,8,1
haiku,java,primes,True,12,11,7,0,1,2,0,1,1,0,fail,8,1
haiku,java,rle,True,10,9,6,0,1,1,0,1,0,0,pass,8,1
haiku,java,roman,True,11,10,6,1,1,1,0,1,0,0,pass,8,1
haiku,java,transpose,True,10,9,6,0,1,1,0,1,0,0,pass,8,1
haiku,java,wordfreq,True,22,21,10,1,1,2,0,7,1,1,fail,8,1
haiku,javascript,anagrams,True,3,2,0,0,1,1,0,0,0,0,pass,1,1
haiku,javascript,brackets,True,10,9,6,0,1,1,0,1,0,0,pass,8,1
haiku,javascript,calc,True,10,9,6,0,1,1,0,1,0,0,pass,8,1
haiku,javascript,dijkstra,True,10,9,7,0,1,1,0,0,0,0,pass,8,1
haiku,javascript,lcs,True,10,9,6,0,1,1,0,1,0,0,pass,8,1
haiku,javascript,primes,True,4,3,1,0,1,1,0,0,0,0,pass,1,1
haiku,javascript,rle,True,4,3,0,1,1,1,0,0,0,0,pass,1,1
haiku,javascript,roman,True,16,15,11,0,1,1,0,2,0,0,pass,14,1
haiku,javascript,transpose,True,3,2,0,0,1,1,0,0,0,0,pass,1,1
haiku,javascript,wordfreq,True,3,2,0,0,1,1,0,0,0,0,pass,1,1
haiku,k,anagrams,False,41,40,9,4,15,12,0,0,12,3,fail,9,1
haiku,k,brackets,False,41,40,2,6,17,14,0,1,14,1,fail,6,1
haiku,k,calc,False,41,40,7,0,18,14,0,1,14,0,fail,9,1
haiku,k,dijkstra,False,41,40,12,22,1,1,4,0,1,19,fail,9,1
haiku,k,lcs,False,41,40,9,4,15,12,0,0,12,2,fail,10,1
haiku,k,primes,False,41,45,8,10,18,8,0,1,8,10,fail,8,1
haiku,k,rle,False,41,40,11,1,17,11,0,0,11,1,fail,10,1
haiku,k,roman,False,41,40,7,14,11,4,2,2,4,4,fail,1,1
haiku,k,transpose,False,41,40,16,4,6,9,1,4,9,1,fail,8,1
haiku,k,wordfreq,False,41,46,8,8,18,10,1,1,10,7,fail,8,1
haiku,lisp,anagrams,True,9,8,4,1,1,1,0,1,0,0,pass,6,1
haiku,lisp,brackets,True,3,2,0,0,1,1,0,0,0,0,pass,1,1
haiku,lisp,calc,True,16,15,2,4,3,2,0,4,1,0,fail,9,1
haiku,lisp,dijkstra,True,9,8,2,1,1,2,0,2,1,0,fail,4,1
haiku,lisp,lcs,True,3,2,0,0,1,1,0,0,0,0,pass,1,1
haiku,lisp,primes,True,10,9,6,0,1,1,0,1,0,0,pass,8,1
haiku,lisp,rle,True,3,2,0,0,1,1,0,0,0,0,pass,1,1
haiku,lisp,roman,True,19,18,8,1,3,3,0,3,2,0,fail,11,1
haiku,lisp,transpose,True,10,9,5,1,1,1,0,1,0,0,pass,7,1
haiku,lisp,wordfreq,True,12,11,7,1,1,1,0,1,0,0,pass,9,1
haiku,perl,anagrams,True,3,2,0,0,1,1,0,0,0,0,pass,1,1
haiku,perl,brackets,True,3,2,0,0,1,1,0,0,0,0,pass,1,1
haiku,perl,calc,True,9,8,5,0,1,1,0,1,0,0,pass,7,1
haiku,perl,dijkstra,True,12,11,6,0,1,2,0,2,1,0,fail,8,1
haiku,perl,lcs,True,14,13,7,1,1,2,0,2,1,1,fail,10,1
haiku,perl,primes,True,12,11,3,4,2,2,0,0,1,0,fail,1,1
haiku,perl,rle,True,3,2,0,0,1,1,0,0,0,0,pass,1,1
haiku,perl,roman,True,3,2,0,0,1,1,0,0,0,0,pass,1,1
haiku,perl,transpose,True,3,2,0,0,1,1,0,0,0,0,pass,1,1
haiku,perl,wordfreq,True,10,9,6,0,1,1,0,1,0,0,pass,8,1
haiku,prolog,anagrams,False,3,2,0,0,1,1,0,0,0,0,pass,1,1
haiku,prolog,brackets,True,4,3,0,1,1,1,0,0,0,0,pass,1,1
haiku,prolog,calc,True,11,10,6,1,1,1,0,1,0,0,pass,8,1
haiku,prolog,dijkstra,False,12,11,6,1,2,2,0,0,1,0,fail,1,1
haiku,prolog,lcs,True,14,13,6,2,2,2,0,1,1,0,fail,6,1
haiku,prolog,primes,True,26,25,12,1,4,5,0,3,3,1,fail,8,1
haiku,prolog,rle,True,8,7,0,4,1,1,0,1,0,1,pass,1,1
haiku,prolog,roman,True,13,12,4,1,2,3,0,2,1,0,fail,5,1
haiku,prolog,transpose,True,16,15,6,2,3,3,0,1,2,0,fail,6,1
haiku,prolog,wordfreq,True,24,23,11,0,3,4,1,4,3,0,fail,8,1
haiku,python,anagrams,True,10,9,6,0,1,1,0,1,0,0,pass,8,1
haiku,python,brackets,True,3,2,0,0,1,1,0,0,0,0,pass,1,1
haiku,python,calc,True,11,10,6,1,1,1,0,1,0,0,pass,8,1
haiku,python,dijkstra,True,3,2,0,0,1,1,0,0,0,0,pass,1,1
haiku,python,lcs,True,6,5,2,0,1,1,0,1,0,0,pass,4,1
haiku,python,primes,True,10,9,6,0,1,1,0,1,0,0,pass,8,1
haiku,python,rle,True,4,3,0,1,1,1,0,0,0,1,pass,1,1
haiku,python,roman,True,3,2,0,0,1,1,0,0,0,0,pass,1,1
haiku,python,transpose,True,3,2,0,0,1,1,0,0,0,0,pass,1,1
haiku,python,wordfreq,True,10,9,6,0,1,1,0,1,0,0,pass,8,1
haiku,ruby,anagrams,True,3,2,0,0,1,1,0,0,0,0,pass,1,1
haiku,ruby,brackets,True,10,9,6,0,1,1,0,1,0,0,pass,8,1
haiku,ruby,calc,True,14,13,10,1,1,1,0,0,0,1,pass,10,1
haiku,ruby,dijkstra,True,15,14,6,2,1,2,0,3,1,1,fail,9,1
haiku,ruby,lcs,True,5,4,1,1,1,1,0,0,0,0,pass,1,1
haiku,ruby,primes,True,11,10,7,1,1,1,0,0,0,0,pass,8,1
haiku,ruby,rle,True,10,9,7,0,1,1,0,0,0,0,pass,8,1
haiku,ruby,roman,True,10,9,6,0,1,1,0,1,0,0,pass,8,1
haiku,ruby,transpose,True,3,2,0,0,1,1,0,0,0,0,pass,1,1
haiku,ruby,wordfreq,True,3,2,0,0,1,1,0,0,0,0,pass,1,1
haiku,rust,anagrams,True,3,2,0,0,1,1,0,0,0,0,pass,1,1
haiku,rust,brackets,True,3,2,0,0,1,1,0,0,0,0,pass,1,1
haiku,rust,calc,True,10,9,4,2,1,1,0,1,0,0,pass,6,1
haiku,rust,dijkstra,True,10,9,6,0,1,1,0,1,0,0,pass,8,1
haiku,rust,lcs,True,10,9,6,0,1,1,0,1,0,0,pass,8,1
haiku,rust,primes,True,7,6,3,0,1,1,0,1,0,0,pass,5,1
haiku,rust,rle,True,11,10,8,0,1,1,0,0,0,0,pass,9,1
haiku,rust,roman,True,3,2,0,0,1,1,0,0,0,0,pass,1,1
haiku,rust,transpose,True,10,9,6,0,1,1,0,1,0,0,pass,8,1
haiku,rust,wordfreq,True,8,7,4,0,1,1,0,1,0,0,pass,6,1
haiku,scheme,anagrams,True,7,6,1,1,2,2,0,0,1,0,fail,1,1
haiku,scheme,brackets,True,6,5,0,1,2,2,0,0,1,0,fail,1,1
haiku,scheme,calc,True,18,17,4,3,4,5,0,1,1,0,fail,6,1
haiku,scheme,dijkstra,True,13,12,6,1,2,2,0,1,1,0,fail,8,1
haiku,scheme,lcs,True,15,14,7,1,2,3,0,1,2,0,fail,8,1
haiku,scheme,primes,True,6,5,0,3,1,1,0,0,0,0,pass,1,1
haiku,scheme,rle,True,8,7,1,0,3,3,0,0,2,0,fail,1,1
haiku,scheme,roman,True,16,15,9,0,2,2,0,2,1,0,fail,11,1
haiku,scheme,transpose,True,16,15,6,2,2,4,0,1,3,0,fail,0,0
haiku,scheme,wordfreq,False,18,17,8,0,3,4,0,2,3,0,fail,9,1
haiku,typescript,anagrams,True,3,2,0,0,1,1,0,0,0,0,pass,1,1
haiku,typescript,brackets,True,10,9,6,0,1,1,0,1,0,0,pass,8,1
haiku,typescript,calc,True,3,2,0,0,1,1,0,0,0,0,pass,1,1
haiku,typescript,dijkstra,True,10,9,6,0,1,1,0,1,0,0,pass,8,1
haiku,typescript,lcs,True,4,3,0,1,1,1,0,0,0,0,pass,1,1
haiku,typescript,primes,True,11,10,6,0,1,1,0,2,0,0,pass,9,1
haiku,typescript,rle,True,3,2,0,0,1,1,0,0,0,0,pass,1,1
haiku,typescript,roman,True,10,9,6,0,1,1,0,1,0,0,pass,8,1
haiku,typescript,transpose,True,3,2,0,0,1,1,0,0,0,0,pass,1,1
haiku,typescript,wordfreq,True,13,12,3,1,1,1,0,6,0,0,pass,10,1
opus,apl,anagrams,True,14,13,0,4,5,4,0,0,3,0,fail,0,0
opus,apl,brackets,True,15,14,0,3,6,5,0,0,4,0,fail,0,0
opus,apl,calc,True,16,15,2,3,3,4,0,3,2,0,fail,0,0
opus,apl,dijkstra,True,7,6,1,0,1,3,0,1,2,0,fail,0,0
opus,apl,lcs,True,3,2,0,0,0,2,0,0,1,0,fail,0,0
opus,apl,primes,True,4,3,0,0,1,2,0,0,1,0,fail,1,1
opus,apl,rle,True,8,7,0,0,3,4,0,0,1,0,fail,0,0
opus,apl,roman,True,14,13,1,3,4,5,0,0,4,0,fail,0,0
opus,apl,transpose,True,4,3,0,1,0,2,0,0,1,0,fail,0,0
opus,apl,wordfreq,True,14,13,1,2,4,5,0,1,4,0,fail,0,0
opus,bqn,anagrams,True,6,5,0,0,2,3,0,0,1,0,fail,0,0
opus,bqn,brackets,True,10,9,0,0,4,5,0,0,4,0,fail,0,0
opus,bqn,calc,True,6,5,1,0,1,3,0,0,2,0,fail,0,0
opus,bqn,dijkstra,True,4,3,0,0,1,2,0,0,1,0,fail,0,0
opus,bqn,lcs,True,4,3,0,0,1,2,0,0,1,0,fail,0,0
opus,bqn,primes,True,6,5,1,0,1,2,0,1,2,0,fail,0,0
opus,bqn,rle,True,5,4,0,1,1,2,0,0,1,0,fail,0,0
opus,bqn,roman,True,3,2,0,0,1,1,0,0,0,0,pass,1,1
opus,bqn,transpose,True,5,4,0,0,2,2,0,0,0,0,pass,1,1
opus,bqn,wordfreq,True,5,4,0,1,0,3,0,0,1,1,fail,0,0
opus,c,anagrams,True,3,2,0,0,1,1,0,0,0,0,pass,1,1
opus,c,brackets,True,3,2,0,0,1,1,0,0,0,0,pass,1,1
opus,c,calc,True,3,2,0,0,1,1,0,0,0,0,pass,1,1
opus,c,dijkstra,True,3,2,0,0,1,1,0,0,0,0,pass,1,1
opus,c,lcs,True,3,2,0,0,1,1,0,0,0,0,pass,1,1
opus,c,primes,True,3,2,0,0,1,1,0,0,0,0,pass,1,1
opus,c,rle,True,4,3,0,0,1,2,0,0,1,0,fail,0,0
opus,c,roman,True,3,2,0,0,1,1,0,0,0,0,pass,1,1
opus,c,transpose,True,3,2,0,0,1,1,0,0,0,0,pass,1,1
opus,c,wordfreq,True,3,2,0,0,1,1,0,0,0,0,pass,1,1
opus,forth,anagrams,True,6,5,0,0,1,3,0,1,2,0,fail,0,0
opus,forth,brackets,True,4,3,0,0,1,2,0,0,1,0,fail,0,0
opus,forth,calc,True,3,2,0,0,1,1,0,0,0,0,pass,1,1
opus,forth,dijkstra,True,4,3,0,0,1,2,0,0,1,0,fail,0,0
opus,forth,lcs,True,4,3,0,0,1,2,0,0,1,0,fail,0,0
opus,forth,primes,False,3,2,0,0,1,1,0,0,0,0,pass,1,1
opus,forth,rle,True,4,3,0,0,1,2,0,0,1,0,fail,0,0
opus,forth,roman,True,3,2,0,0,1,1,0,0,0,0,pass,1,1
opus,forth,transpose,True,3,2,0,0,1,1,0,0,0,0,pass,1,1
opus,forth,wordfreq,True,3,2,0,0,1,1,0,0,0,0,pass,1,1
opus,go,anagrams,True,4,3,0,0,1,1,0,1,0,0,pass,2,1
opus,go,brackets,True,4,3,1,0,1,1,0,0,0,0,pass,2,1
opus,go,calc,True,4,3,0,0,1,2,0,0,1,0,fail,1,1
opus,go,dijkstra,True,3,2,0,0,1,1,0,0,0,0,pass,1,1
opus,go,lcs,True,3,2,0,0,1,1,0,0,0,0,pass,1,1
opus,go,primes,True,3,2,0,0,1,1,0,0,0,0,pass,1,1
opus,go,rle,True,3,2,0,0,1,1,0,0,0,0,pass,1,1
opus,go,roman,True,3,2,0,0,1,1,0,0,0,0,pass,1,1
opus,go,transpose,True,4,3,0,0,2,1,0,0,0,0,pass,2,2
opus,go,wordfreq,True,3,2,0,0,1,1,0,0,0,0,pass,1,1
opus,haskell,anagrams,True,3,2,0,0,1,1,0,0,0,0,pass,1,1
opus,haskell,brackets,True,3,2,0,0,1,1,0,0,0,0,pass,1,1
opus,haskell,calc,True,3,2,0,0,1,1,0,0,0,0,pass,1,1
opus,haskell,dijkstra,True,3,2,0,0,1,1,0,0,0,0,pass,1,1
opus,haskell,lcs,True,3,2,0,0,1,1,0,0,0,0,pass,1,1
opus,haskell,primes,True,3,2,0,0,1,1,0,0,0,0,pass,1,1
opus,haskell,rle,True,3,2,0,0,1,1,0,0,0,0,pass,1,1
opus,haskell,roman,True,3,2,0,0,1,1,0,0,0,0,pass,1,1
opus,haskell,transpose,True,3,2,0,0,1,1,0,0,0,0,pass,1,1
opus,haskell,wordfreq,True,4,3,0,0,1,2,0,0,1,0,fail,1,1
opus,java,anagrams,True,4,3,0,0,1,2,0,0,1,0,fail,0,0
opus,java,brackets,True,3,2,0,0,1,1,0,0,0,0,pass,1,1
opus,java,calc,True,3,2,0,0,1,1,0,0,0,0,pass,1,1
opus,java,dijkstra,True,3,2,0,0,1,1,0,0,0,0,pass,1,1
opus,java,lcs,True,3,2,0,0,1,1,0,0,0,0,pass,1,1
opus,java,primes,True,3,2,0,0,1,1,0,0,0,0,pass,1,1
opus,java,rle,True,3,2,0,0,1,1,0,0,0,0,pass,1,1
opus,java,roman,True,3,2,0,0,1,1,0,0,0,0,pass,1,1
opus,java,transpose,True,3,2,0,0,1,1,0,0,0,0,pass,1,1
opus,java,wordfreq,True,3,2,0,0,1,1,0,0,0,0,pass,1,1
opus,javascript,anagrams,True,4,3,1,0,1,1,0,0,0,0,pass,2,1
opus,javascript,brackets,True,3,2,0,0,1,1,0,0,0,0,pass,1,1
opus,javascript,calc,True,3,2,0,0,1,1,0,0,0,0,pass,1,1
opus,javascript,dijkstra,True,3,2,0,0,1,1,0,0,0,0,pass,1,1
opus,javascript,lcs,True,3,2,0,0,1,1,0,0,0,0,pass,1,1
opus,javascript,primes,True,3,2,0,0,1,1,0,0,0,0,pass,1,1
opus,javascript,rle,True,3,2,0,0,1,1,0,0,0,0,pass,1,1
opus,javascript,roman,True,3,2,0,0,1,1,0,0,0,0,pass,1,1
opus,javascript,transpose,True,3,2,0,0,1,1,0,0,0,0,pass,1,1
opus,javascript,wordfreq,True,3,2,0,0,1,1,0,0,0,0,pass,1,1
opus,k,anagrams,True,10,9,0,3,0,5,1,0,4,1,fail,0,0
opus,k,brackets,True,5,4,0,2,0,2,0,0,1,1,fail,0,0
opus,k,calc,True,10,9,0,4,2,2,1,0,1,2,fail,0,0
opus,k,dijkstra,True,6,5,0,1,0,4,0,0,3,0,fail,0,0
opus,k,lcs,True,8,7,0,4,0,3,0,0,2,2,fail,0,0
opus,k,primes,True,8,7,0,2,0,5,0,0,4,2,fail,0,0
opus,k,rle,True,9,8,0,0,3,5,0,0,3,0,fail,0,0
opus,k,roman,True,9,8,0,2,0,6,0,0,5,0,fail,0,0
opus,k,transpose,True,7,6,0,2,0,4,0,0,1,1,fail,0,0
opus,k,wordfreq,True,13,12,0,2,1,8,1,0,7,0,fail,0,0
opus,lisp,anagrams,True,3,2,0,0,1,1,0,0,0,0,pass,1,1
opus,lisp,brackets,True,3,2,0,0,1,1,0,0,0,0,pass,1,1
opus,lisp,calc,True,3,2,0,0,1,1,0,0,0,0,pass,1,1
opus,lisp,dijkstra,True,3,2,0,0,1,1,0,0,0,0,pass,1,1
opus,lisp,lcs,True,3,2,0,0,1,1,0,0,0,0,pass,1,1
opus,lisp,primes,True,4,3,0,0,2,1,0,0,0,0,pass,2,2
opus,lisp,rle,True,3,2,0,0,1,1,0,0,0,0,pass,1,1
opus,lisp,roman,True,3,2,0,0,1,1,0,0,0,0,pass,1,1
opus,lisp,transpose,True,4,3,0,0,2,1,0,0,0,0,pass,2,2
opus,lisp,wordfreq,True,3,2,0,0,1,1,0,0,0,0,pass,1,1
opus,perl,anagrams,True,4,3,0,1,1,1,0,0,0,0,pass,2,1
opus,perl,brackets,True,3,2,0,0,1,1,0,0,0,0,pass,1,1
opus,perl,calc,True,4,3,0,0,1,2,0,0,1,0,fail,0,0
opus,perl,dijkstra,True,3,2,0,0,1,1,0,0,0,0,pass,1,1
opus,perl,lcs,True,3,2,0,0,1,1,0,0,0,0,pass,1,1
opus,perl,primes,True,3,2,0,0,1,1,0,0,0,0,pass,1,1
opus,perl,rle,True,3,2,0,0,1,1,0,0,0,0,pass,1,1
opus,perl,roman,True,3,2,0,0,1,1,0,0,0,0,pass,1,1
opus,perl,transpose,True,3,2,0,0,1,1,0,0,0,0,pass,1,1
opus,perl,wordfreq,True,3,2,0,0,1,1,0,0,0,0,pass,1,1
opus,prolog,anagrams,True,4,3,0,1,1,1,0,0,0,0,pass,2,1
opus,prolog,brackets,True,3,2,0,0,1,1,0,0,0,0,pass,1,1
opus,prolog,calc,True,6,5,0,0,3,2,0,0,1,0,fail,0,0
opus,prolog,dijkstra,True,3,2,0,0,1,1,0,0,0,0,pass,1,1
opus,prolog,lcs,True,3,2,0,0,1,1,0,0,0,0,pass,1,1
opus,prolog,primes,True,3,2,0,0,1,1,0,0,0,0,pass,1,1
opus,prolog,rle,True,3,2,0,0,1,1,0,0,0,0,pass,1,1
opus,prolog,roman,True,4,3,0,0,1,2,0,0,1,0,fail,1,1
opus,prolog,transpose,True,3,2,0,0,1,1,0,0,0,0,pass,1,1
opus,prolog,wordfreq,True,5,4,0,0,3,1,0,0,0,0,pass,3,3
opus,python,anagrams,True,4,3,1,0,1,1,0,0,0,0,pass,2,1
opus,python,brackets,True,3,2,0,0,1,1,0,0,0,0,pass,1,1
opus,python,calc,True,4,3,0,0,1,1,0,1,0,0,pass,2,1
opus,python,dijkstra,True,3,2,0,0,1,1,0,0,0,0,pass,1,1
opus,python,lcs,True,3,2,0,0,1,1,0,0,0,0,pass,1,1
opus,python,primes,True,3,2,0,0,1,1,0,0,0,0,pass,1,1
opus,python,rle,True,4,3,0,0,1,2,0,0,1,0,fail,1,1
opus,python,roman,True,3,2,0,0,1,1,0,0,0,0,pass,1,1
opus,python,transpose,True,3,2,0,0,1,1,0,0,0,0,pass,1,1
opus,python,wordfreq,True,3,2,0,0,1,1,0,0,0,0,pass,1,1
opus,ruby,anagrams,True,3,2,0,0,1,1,0,0,0,0,pass,1,1
opus,ruby,brackets,True,3,2,0,0,1,1,0,0,0,0,pass,1,1
opus,ruby,calc,True,3,2,0,0,1,1,0,0,0,0,pass,1,1
opus,ruby,dijkstra,True,3,2,0,0,1,1,0,0,0,0,pass,1,1
opus,ruby,lcs,True,3,2,0,0,1,1,0,0,0,0,pass,1,1
opus,ruby,primes,True,3,2,0,0,1,1,0,0,0,0,pass,1,1
opus,ruby,rle,True,3,2,0,0,1,1,0,0,0,0,pass,1,1
opus,ruby,roman,True,3,2,0,0,1,1,0,0,0,0,pass,1,1
opus,ruby,transpose,True,3,2,0,0,1,1,0,0,0,0,pass,1,1
opus,ruby,wordfreq,True,3,2,0,0,1,1,0,0,0,0,pass,1,1
opus,rust,anagrams,True,3,2,0,0,1,1,0,0,0,0,pass,1,1
opus,rust,brackets,True,3,2,0,0,1,1,0,0,0,0,pass,1,1
opus,rust,calc,True,3,2,0,0,1,1,0,0,0,0,pass,1,1
opus,rust,dijkstra,True,3,2,0,0,1,1,0,0,0,0,pass,1,1
opus,rust,lcs,True,3,2,0,0,1,1,0,0,0,0,pass,1,1
opus,rust,primes,True,3,2,0,0,1,1,0,0,0,0,pass,1,1
opus,rust,rle,True,3,2,0,0,1,1,0,0,0,0,pass,1,1
opus,rust,roman,True,3,2,0,0,1,1,0,0,0,0,pass,1,1
opus,rust,transpose,True,3,2,0,0,1,1,0,0,0,0,pass,1,1
opus,rust,wordfreq,True,3,2,0,0,1,1,0,0,0,0,pass,1,1
opus,scheme,anagrams,True,4,3,0,0,1,2,0,0,1,0,fail,0,0
opus,scheme,brackets,True,3,2,0,0,1,1,0,0,0,0,pass,1,1
opus,scheme,calc,True,3,2,0,0,1,1,0,0,0,0,pass,1,1
opus,scheme,dijkstra,True,3,2,0,0,1,1,0,0,0,0,pass,1,1
opus,scheme,lcs,True,3,2,0,0,1,1,0,0,0,0,pass,1,1
opus,scheme,primes,True,4,3,0,0,1,2,0,0,1,0,fail,1,1
opus,scheme,rle,True,3,2,0,0,1,1,0,0,0,0,pass,1,1
opus,scheme,roman,True,3,2,0,0,1,1,0,0,0,0,pass,1,1
opus,scheme,transpose,True,3,2,0,0,1,1,0,0,0,0,pass,1,1
opus,scheme,wordfreq,True,3,2,0,0,1,1,0,0,0,0,pass,1,1
opus,typescript,anagrams,True,3,2,0,0,1,1,0,0,0,0,pass,1,1
opus,typescript,brackets,True,4,3,0,0,1,2,0,0,1,0,fail,0,0
opus,typescript,calc,True,3,2,0,0,1,1,0,0,0,0,pass,1,1
opus,typescript,dijkstra,True,3,2,0,0,1,1,0,0,0,0,pass,1,1
opus,typescript,lcs,True,3,2,0,0,1,1,0,0,0,0,pass,1,1
opus,typescript,primes,True,3,2,0,0,1,1,0,0,0,0,pass,1,1
opus,typescript,rle,True,4,3,0,0,1,2,0,0,1,0,fail,1,1
opus,typescript,roman,True,3,2,0,0,1,1,0,0,0,0,pass,1,1
opus,typescript,transpose,True,4,3,0,0,1,2,0,0,1,0,fail,1,1
opus,typescript,wordfreq,True,3,2,0,0,1,1,0,0,0,0,pass,1,1
sonnet,apl,anagrams,True,26,25,3,11,5,6,0,0,4,2,fail,0,0
sonnet,apl,brackets,True,33,32,3,19,3,5,1,1,4,11,fail,3,1
sonnet,apl,calc,False,41,40,4,15,14,4,0,3,4,11,fail,0,0
sonnet,apl,dijkstra,True,35,34,3,11,14,5,0,1,4,3,fail,2,1
sonnet,apl,lcs,True,11,10,0,6,1,3,0,0,1,1,fail,1,1
sonnet,apl,primes,False,19,18,2,4,1,4,1,6,3,3,fail,1,1
sonnet,apl,rle,True,6,5,0,1,1,2,0,1,1,0,fail,0,0
sonnet,apl,roman,True,9,8,1,2,2,2,1,0,1,1,fail,3,1
sonnet,apl,transpose,True,28,27,1,14,5,5,0,2,4,2,fail,2,1
sonnet,apl,wordfreq,True,37,36,3,15,10,7,0,1,6,2,fail,0,0
sonnet,bqn,anagrams,True,14,13,0,4,4,5,0,0,4,1,fail,0,0
sonnet,bqn,brackets,True,37,36,1,14,15,6,0,0,5,4,fail,0,0
sonnet,bqn,calc,True,41,40,2,12,17,9,0,0,8,4,fail,0,0
sonnet,bqn,dijkstra,False,41,40,2,13,19,6,0,0,6,9,fail,0,0
sonnet,bqn,lcs,True,18,17,1,9,4,3,0,0,1,4,fail,9,3
sonnet,bqn,primes,True,41,40,4,21,8,7,0,0,7,11,fail,0,0
sonnet,bqn,rle,True,4,3,0,1,1,1,0,0,0,0,pass,1,1
sonnet,bqn,roman,True,5,4,0,0,2,2,0,0,1,0,fail,1,1
sonnet,bqn,transpose,True,8,7,0,1,3,3,0,0,2,0,fail,2,1
sonnet,bqn,wordfreq,True,16,15,1,5,4,5,0,0,3,1,fail,1,0
sonnet,c,anagrams,True,4,3,0,0,2,1,0,0,0,0,pass,2,2
sonnet,c,brackets,True,7,6,1,1,3,1,0,0,0,0,pass,4,3
sonnet,c,calc,True,3,2,0,0,1,1,0,0,0,0,pass,1,1
sonnet,c,dijkstra,True,5,4,0,0,3,1,0,0,0,0,pass,3,3
sonnet,c,lcs,True,3,2,0,0,1,1,0,0,0,0,pass,1,1
sonnet,c,primes,True,3,2,0,0,1,1,0,0,0,0,pass,1,1
sonnet,c,rle,True,3,2,0,0,1,1,0,0,0,0,pass,1,1
sonnet,c,roman,True,3,2,0,0,1,1,0,0,0,0,pass,1,1
sonnet,c,transpose,True,3,2,0,0,1,1,0,0,0,0,pass,1,1
sonnet,c,wordfreq,True,3,2,0,0,1,1,0,0,0,0,pass,1,1
sonnet,forth,brackets,True,13,12,0,6,3,2,1,0,1,1,fail,1,1
sonnet,forth,calc,True,11,10,1,3,2,3,0,1,1,1,pass,4,2
sonnet,forth,dijkstra,True,27,26,2,10,5,4,3,2,3,2,fail,1,0
sonnet,forth,lcs,True,4,3,0,1,1,1,0,0,0,0,pass,2,1
sonnet,forth,primes,True,6,5,0,3,1,1,0,0,0,1,pass,1,1
sonnet,forth,rle,True,4,3,0,1,1,1,0,0,0,0,pass,2,1
sonnet,forth,roman,True,13,12,1,6,3,2,0,0,1,1,fail,2,2
sonnet,forth,wordfreq,True,27,26,3,11,4,2,1,5,0,2,pass,5,2
sonnet,go,anagrams,True,3,2,0,0,1,1,0,0,0,0,pass,1,1
sonnet,go,brackets,True,3,2,0,0,1,1,0,0,0,0,pass,1,1
sonnet,go,calc,True,3,2,0,0,1,1,0,0,0,0,pass,1,1
sonnet,go,dijkstra,True,3,2,0,0,1,1,0,0,0,0,pass,1,1
sonnet,go,lcs,True,3,2,0,0,1,1,0,0,0,0,pass,1,1
sonnet,go,primes,True,3,2,0,0,1,1,0,0,0,0,pass,1,1
sonnet,go,rle,True,3,2,0,0,1,1,0,0,0,0,pass,1,1
sonnet,go,roman,True,3,2,0,0,1,1,0,0,0,0,pass,1,1
sonnet,go,transpose,True,3,2,0,0,1,1,0,0,0,0,pass,1,1
sonnet,go,wordfreq,True,3,2,0,0,1,1,0,0,0,0,pass,1,1
sonnet,haskell,anagrams,True,3,2,0,0,1,1,0,0,0,0,pass,1,1
sonnet,haskell,brackets,True,3,2,0,0,1,1,0,0,0,0,pass,1,1
sonnet,haskell,calc,True,3,2,0,0,1,1,0,0,0,0,pass,1,1
sonnet,haskell,dijkstra,True,4,3,0,0,1,2,0,0,1,0,fail,1,1
sonnet,haskell,lcs,True,6,5,1,0,2,2,0,0,1,0,fail,1,1
sonnet,haskell,primes,True,5,4,0,0,2,2,0,0,1,0,fail,2,2
sonnet,haskell,rle,True,4,3,0,0,2,1,0,0,0,0,pass,2,2
sonnet,haskell,roman,True,3,2,0,0,1,1,0,0,0,0,pass,1,1
sonnet,haskell,transpose,True,3,2,0,0,1,1,0,0,0,0,pass,1,1
sonnet,haskell,wordfreq,True,3,2,0,0,1,1,0,0,0,0,pass,1,1
sonnet,java,anagrams,True,3,2,0,0,1,1,0,0,0,0,pass,1,1
sonnet,java,brackets,True,3,2,0,0,1,1,0,0,0,0,pass,1,1
sonnet,java,calc,True,3,2,0,0,1,1,0,0,0,0,pass,1,1
sonnet,java,dijkstra,True,3,2,0,0,1,1,0,0,0,0,pass,1,1
sonnet,java,lcs,True,3,2,0,0,1,1,0,0,0,0,pass,1,1
sonnet,java,primes,True,3,2,0,0,1,1,0,0,0,0,pass,1,1
sonnet,java,rle,True,3,2,0,0,1,1,0,0,0,0,pass,1,1
sonnet,java,roman,True,3,2,0,0,1,1,0,0,0,0,pass,1,1
sonnet,java,transpose,True,3,2,0,0,1,1,0,0,0,0,pass,1,1
sonnet,java,wordfreq,True,3,2,0,0,1,1,0,0,0,0,pass,1,1
sonnet,javascript,anagrams,True,3,2,0,0,1,1,0,0,0,0,pass,1,1
sonnet,javascript,brackets,True,3,2,0,0,1,1,0,0,0,0,pass,1,1
sonnet,javascript,calc,True,3,2,0,0,1,1,0,0,0,0,pass,1,1
sonnet,javascript,dijkstra,True,3,2,0,0,1,1,0,0,0,0,pass,1,1
sonnet,javascript,lcs,True,3,2,0,0,1,1,0,0,0,0,pass,1,1
sonnet,javascript,primes,True,3,2,0,0,1,1,0,0,0,0,pass,1,1
sonnet,javascript,rle,True,3,2,0,0,1,1,0,0,0,0,pass,1,1
sonnet,javascript,roman,True,4,3,0,0,2,1,0,0,0,0,pass,2,2
sonnet,javascript,transpose,True,3,2,0,0,1,1,0,0,0,0,pass,1,1
sonnet,javascript,wordfreq,True,3,2,0,0,1,1,0,0,0,0,pass,1,1
sonnet,k,anagrams,True,29,28,2,22,0,2,2,0,1,5,fail,1,0
sonnet,k,brackets,True,39,38,2,26,6,2,2,0,1,6,fail,1,0
sonnet,k,calc,False,41,40,2,29,4,2,3,0,2,16,fail,0,0
sonnet,k,dijkstra,False,41,40,1,19,15,1,4,0,1,7,fail,1,0
sonnet,k,lcs,True,38,37,0,21,6,7,3,0,3,9,fail,0,0
sonnet,k,primes,False,41,40,2,28,6,2,2,0,1,13,fail,0,0
sonnet,k,rle,True,41,40,1,18,19,1,1,0,1,8,fail,0,0
sonnet,k,roman,True,21,20,0,10,4,5,1,0,4,7,fail,0,0
sonnet,k,transpose,True,30,29,4,17,0,3,1,4,2,6,fail,1,0
sonnet,k,wordfreq,False,41,40,1,35,0,1,3,0,1,8,fail,1,0
sonnet,lisp,anagrams,True,3,2,0,0,1,1,0,0,0,0,pass,1,1
sonnet,lisp,brackets,True,3,2,0,0,1,1,0,0,0,0,pass,1,1
sonnet,lisp,calc,True,3,2,0,0,1,1,0,0,0,0,pass,1,1
sonnet,lisp,dijkstra,True,3,2,0,0,1,1,0,0,0,0,pass,1,1
sonnet,lisp,lcs,True,3,2,0,0,1,1,0,0,0,0,pass,1,1
sonnet,lisp,primes,True,3,2,0,0,1,1,0,0,0,0,pass,1,1
sonnet,lisp,rle,True,3,2,0,0,1,1,0,0,0,0,pass,1,1
sonnet,lisp,roman,True,3,2,0,0,1,1,0,0,0,0,pass,1,1
sonnet,lisp,transpose,True,3,2,0,0,1,1,0,0,0,0,pass,1,1
sonnet,lisp,wordfreq,True,3,2,0,0,1,1,0,0,0,0,pass,1,1
sonnet,perl,anagrams,True,3,2,0,0,1,1,0,0,0,0,pass,1,1
sonnet,perl,brackets,True,3,2,0,0,1,1,0,0,0,0,pass,1,1
sonnet,perl,calc,True,3,2,0,0,1,1,0,0,0,0,pass,1,1
sonnet,perl,dijkstra,True,3,2,0,0,1,1,0,0,0,0,pass,1,1
sonnet,perl,lcs,True,3,2,0,0,1,1,0,0,0,0,pass,1,1
sonnet,perl,primes,True,3,2,0,0,1,1,0,0,0,0,pass,1,1
sonnet,perl,rle,True,3,2,0,0,1,1,0,0,0,0,pass,1,1
sonnet,perl,roman,True,3,2,0,0,1,1,0,0,0,0,pass,1,1
sonnet,perl,transpose,True,3,2,0,0,1,1,0,0,0,0,pass,1,1
sonnet,perl,wordfreq,True,3,2,0,0,1,1,0,0,0,0,pass,1,1
sonnet,prolog,anagrams,True,4,3,0,0,2,1,0,0,0,0,pass,2,2
sonnet,prolog,brackets,True,4,3,0,0,2,1,0,0,0,0,pass,2,2
sonnet,prolog,calc,True,8,7,0,2,3,1,0,1,0,1,pass,4,3
sonnet,prolog,dijkstra,True,8,7,0,0,4,2,0,1,1,0,fail,2,2
sonnet,prolog,lcs,True,6,5,0,2,2,1,0,0,0,0,pass,2,2
sonnet,prolog,primes,True,5,4,0,1,1,2,0,0,1,0,fail,1,1
sonnet,prolog,rle,True,4,3,0,0,2,1,0,0,0,0,pass,2,2
sonnet,prolog,roman,True,4,3,0,0,2,1,0,0,0,0,pass,2,2
sonnet,prolog,transpose,True,3,2,0,0,1,1,0,0,0,0,pass,1,1
sonnet,prolog,wordfreq,True,3,2,0,0,1,1,0,0,0,0,pass,1,1
sonnet,python,anagrams,True,3,2,0,0,1,1,0,0,0,0,pass,1,1
sonnet,python,brackets,True,3,2,0,0,1,1,0,0,0,0,pass,1,1
sonnet,python,calc,True,3,2,0,0,1,1,0,0,0,0,pass,1,1
sonnet,python,dijkstra,True,3,2,0,0,1,1,0,0,0,0,pass,1,1
sonnet,python,lcs,True,3,2,0,0,1,1,0,0,0,0,pass,1,1
sonnet,python,primes,True,3,2,0,0,1,1,0,0,0,0,pass,1,1
sonnet,python,rle,True,3,2,0,0,1,1,0,0,0,0,pass,1,1
sonnet,python,roman,True,3,2,0,0,1,1,0,0,0,0,pass,1,1
sonnet,python,transpose,True,3,2,0,0,1,1,0,0,0,0,pass,1,1
sonnet,python,wordfreq,True,3,2,0,0,1,1,0,0,0,0,pass,1,1
sonnet,ruby,anagrams,True,3,2,0,0,1,1,0,0,0,0,pass,1,1
sonnet,ruby,brackets,True,3,2,0,0,1,1,0,0,0,0,pass,1,1
sonnet,ruby,calc,True,3,2,0,0,1,1,0,0,0,0,pass,1,1
sonnet,ruby,dijkstra,True,3,2,0,0,1,1,0,0,0,0,pass,1,1
sonnet,ruby,lcs,True,3,2,0,0,1,1,0,0,0,0,pass,1,1
sonnet,ruby,primes,True,3,2,0,0,1,1,0,0,0,0,pass,1,1
sonnet,ruby,rle,True,4,3,0,0,2,1,0,0,0,0,pass,2,2
sonnet,ruby,roman,True,3,2,0,0,1,1,0,0,0,0,pass,1,1
sonnet,ruby,transpose,True,3,2,0,0,1,1,0,0,0,0,pass,1,1
sonnet,ruby,wordfreq,True,3,2,0,0,1,1,0,0,0,0,pass,1,1
sonnet,rust,anagrams,True,3,2,0,0,1,1,0,0,0,0,pass,1,1
sonnet,rust,brackets,True,3,2,0,0,1,1,0,0,0,0,pass,1,1
sonnet,rust,calc,True,3,2,0,0,1,1,0,0,0,0,pass,1,1
sonnet,rust,dijkstra,True,3,2,0,0,1,1,0,0,0,0,pass,1,1
sonnet,rust,lcs,True,3,2,0,0,1,1,0,0,0,0,pass,1,1
sonnet,rust,primes,True,3,2,0,0,1,1,0,0,0,0,pass,1,1
sonnet,rust,rle,True,3,2,0,0,1,1,0,0,0,0,pass,1,1
sonnet,rust,roman,True,3,2,0,0,1,1,0,0,0,0,pass,1,1
sonnet,rust,transpose,True,3,2,0,0,1,1,0,0,0,0,pass,1,1
sonnet,rust,wordfreq,True,3,2,0,0,1,1,0,0,0,0,pass,1,1
sonnet,scheme,anagrams,True,3,2,0,0,1,1,0,0,0,0,pass,1,1
sonnet,scheme,brackets,True,5,4,0,0,2,2,0,0,1,0,fail,1,1
sonnet,scheme,calc,True,5,4,0,0,2,2,0,0,1,0,fail,1,1
sonnet,scheme,dijkstra,True,3,2,0,0,1,1,0,0,0,0,pass,1,1
sonnet,scheme,lcs,True,9,8,0,3,2,2,1,0,1,0,fail,1,1
sonnet,scheme,primes,True,3,2,0,0,1,1,0,0,0,0,pass,1,1
sonnet,scheme,rle,True,6,5,0,1,2,2,0,0,1,0,fail,2,1
sonnet,scheme,roman,True,5,4,0,0,2,2,0,0,1,0,fail,1,1
sonnet,scheme,transpose,True,3,2,0,0,1,1,0,0,0,0,pass,1,1
sonnet,scheme,wordfreq,True,4,3,0,0,1,2,0,0,1,0,fail,1,1
sonnet,typescript,anagrams,True,3,2,0,0,1,1,0,0,0,0,pass,1,1
sonnet,typescript,brackets,True,4,3,0,0,2,1,0,0,0,0,pass,2,2
sonnet,typescript,calc,True,3,2,0,0,1,1,0,0,0,0,pass,1,1
sonnet,typescript,dijkstra,True,3,2,0,0,1,1,0,0,0,0,pass,1,1
sonnet,typescript,lcs,True,3,2,0,0,1,1,0,0,0,0,pass,1,1
sonnet,typescript,primes,True,3,2,0,0,1,1,0,0,0,0,pass,1,1
sonnet,typescript,rle,True,3,2,0,0,1,1,0,0,0,0,pass,1,1
sonnet,typescript,roman,True,3,2,0,0,1,1,0,0,0,0,pass,1,1
sonnet,typescript,transpose,True,3,2,0,0,1,1,0,0,0,0,pass,1,1
sonnet,typescript,wordfreq,True,3,2,0,0,1,1,0,0,0,0,pass,1,1
haiku,uiua,brackets,False,41,80,13,16,31,18,0,2,18,8,fail,11,1
haiku,uiua,calc,False,41,45,7,4,17,15,0,2,15,2,fail,8,1
haiku,uiua,dijkstra,False,41,40,12,3,15,10,0,0,10,3,fail,10,1
haiku,uiua,lcs,False,41,40,6,4,16,13,1,0,13,2,fail,1,1
haiku,uiua,primes,False,41,45,8,1,18,17,0,1,17,1,fail,9,1
haiku,uiua,rle,False,41,47,8,18,15,1,3,2,1,12,fail,9,1
haiku,uiua,roman,False,41,41,2,2,18,18,0,1,18,1,fail,3,1
haiku,uiua,transpose,False,41,46,15,4,15,12,0,0,12,4,fail,12,1
haiku,uiua,wordfreq,False,41,45,13,20,7,2,0,3,2,13,fail,9,1
opus,uiua,anagrams,True,5,4,0,0,0,4,0,0,3,0,fail,0,0
opus,uiua,brackets,True,8,7,0,0,0,7,0,0,6,0,fail,0,0
opus,uiua,calc,True,9,8,0,5,0,2,1,0,1,3,fail,0,0
opus,uiua,dijkstra,True,16,15,0,4,1,9,0,1,8,1,fail,1,0
opus,uiua,lcs,True,4,3,0,0,0,3,0,0,2,0,fail,0,0
opus,uiua,primes,True,7,6,1,0,2,3,0,0,2,0,fail,0,0
opus,uiua,rle,True,6,5,0,2,0,3,0,0,2,2,fail,0,0
opus,uiua,roman,True,8,7,0,0,0,7,0,0,6,0,fail,0,0
opus,uiua,transpose,True,7,6,0,0,2,3,0,1,2,0,fail,1,0
opus,uiua,wordfreq,True,3,2,0,0,0,2,0,0,1,0,fail,0,0
sonnet,uiua,anagrams,True,22,21,1,11,3,2,4,0,1,0,fail,0,0
sonnet,uiua,dijkstra,False,41,40,1,17,18,1,3,0,1,0,fail,1,0
sonnet,uiua,lcs,True,32,31,0,18,1,2,9,1,1,4,fail,0,0
sonnet,uiua,rle,False,41,40,0,16,10,1,13,0,1,4,fail,1,0
sonnet,uiua,roman,False,41,40,1,20,7,1,10,1,1,3,fail,0,0
sonnet,uiua,transpose,False,29,28,1,16,3,2,6,0,1,3,fail,0,0
sonnet,uiua,wordfreq,True,36,35,1,19,2,3,10,0,1,2,fail,1,0
haiku,zig,anagrams,False,41,40,0,1,27,12,0,0,12,1,fail,1,1
haiku,zig,brackets,True,34,33,2,0,18,13,0,0,12,0,fail,1,1
haiku,zig,calc,False,25,24,8,4,5,7,0,0,5,0,fail,9,1
haiku,zig,dijkstra,True,28,27,2,1,15,9,0,0,8,0,fail,1,1
haiku,zig,lcs,True,31,30,11,3,9,6,0,1,5,2,fail,1,1
haiku,zig,primes,True,27,26,8,0,8,7,0,3,6,0,fail,8,1
haiku,zig,rle,True,34,33,7,1,10,11,3,1,10,1,fail,8,1
haiku,zig,roman,True,41,45,10,2,16,15,0,2,15,1,fail,8,1
haiku,zig,transpose,True,38,37,8,1,14,12,0,2,11,1,fail,1,1
haiku,zig,wordfreq,True,32,31,7,0,15,8,0,1,6,0,fail,8,1
opus,zig,anagrams,True,4,3,0,0,1,1,0,1,0,0,pass,2,1
opus,zig,brackets,True,3,2,0,0,1,1,0,0,0,0,pass,1,1
opus,zig,calc,True,3,2,0,0,1,1,0,0,0,0,pass,1,1
opus,zig,dijkstra,True,3,2,0,0,1,1,0,0,0,0,pass,1,1
opus,zig,lcs,True,3,2,0,0,1,1,0,0,0,0,pass,1,1
opus,zig,primes,True,3,2,0,0,1,1,0,0,0,0,pass,1,1
opus,zig,rle,True,4,3,0,0,1,2,0,0,1,0,fail,0,0
opus,zig,roman,True,3,2,0,0,1,1,0,0,0,0,pass,1,1
opus,zig,transpose,True,3,2,0,0,1,1,0,0,0,0,pass,1,1
opus,zig,wordfreq,True,3,2,0,0,1,1,0,0,0,0,pass,1,1
sonnet,zig,anagrams,True,15,14,1,0,5,4,4,0,3,0,fail,1,1
sonnet,zig,brackets,True,16,15,1,1,4,4,5,0,3,0,fail,0,0
sonnet,zig,calc,False,23,22,2,1,4,3,0,12,3,1,fail,1,1
sonnet,zig,dijkstra,True,15,14,1,2,3,3,4,1,2,1,fail,1,0
sonnet,zig,lcs,True,12,11,0,2,3,3,3,0,2,0,fail,0,0
sonnet,zig,primes,True,11,10,0,2,4,4,0,0,3,1,fail,1,1
sonnet,zig,rle,True,13,12,0,3,3,4,2,0,3,0,fail,3,1
sonnet,zig,roman,True,11,10,0,0,4,3,3,0,2,0,fail,1,1
sonnet,zig,transpose,True,16,15,0,1,4,4,4,2,3,0,fail,1,1
sonnet,zig,wordfreq,True,18,17,0,2,5,4,6,0,3,1,fail,1,1
